Unnamed: 0,ACC,Kingdom,Partition,Membrane,Cytoplasm,Nucleus,Extracellular,Cell membrane,Mitochondrion,Plastid,Endoplasmic reticulum,Lysosome/Vacuole,Golgi apparatus,Peroxisome,Sequence
731,Q8H1G6,Viridiplantae,0,0,0,0,0,1,0,0,0,0,0,0,MRKWICCTCQIEDSNEEQQLKSSQQQSDANHKNSKPAPVAKHEVKKEALPIEVPPLSLDEVKEKTENFGSKALIGEGSYGRVYYATLNDGVAVALKKLDVAPEAETDTEFLSQVSMVSRLKHENLIQLLGFCVDGNLRVLAYEFATMGSLHDILHGRKGVQGAQPGPTLDWITRVKIAVEAARGLEYLHEKSQPPVIHRDIRSSNVLLFEDYKAKIADFNLSNQAPDNAARLHSTRVLGTFGYHAPEYAMTGQLTQKSDVYSFGVVLLELLTGRKPVDHTMPRGQQSLVTWATPRLSEDKVKQCIDPKLKADYPPKAVAKLAAVAALCVQYEAEFRPNMSIVVKALQPLLKPPAAAPAPES
784,P33533,Metazoa,0,0,0,0,0,1,0,0,0,0,0,0,MEPVPSARAELQFSLLANVSDTFPSAFPSASANASGSPGARSASSLALAIAITALYSAVCAVGLLGNVLVMFGIVRYTKLKTATNIYIFNLALADALATSTLPFQSAKYLMETWPFGELLCKAVLSIDYYNMFTSIFTLTMMSVDRYIAVCHPVKALDFRTPAKAKLINICIWVLASGVGVPIMVMAVTQPRDGAVVCTLQFPSPSWYWDTVTKICVFLFAFVVPILIITVCYGLMLLRLRSVRLLSGSKEKDRSLRRITRMVLVVVGAFVVCWAPIHIFVIVWTLVDINRRDPLVVAALHLCIALGYANSSLNPVLYAFLDENFKRCFRQLCRAPCGGQEPGSLRRPRQATARERVTACTPSDGPGGGAAA
786,C0LGG8,Viridiplantae,0,0,0,0,0,1,0,0,0,0,0,0,MGFIFSTEKVVYVLLLIFVCLENFGSNAQLLPEDEVQTLRTIFRKLQNQTVNIERTSCSDQNWNFVVESASNSPTSNITCDCTFNASSVCRVTNIQLKSFSLPGIFPPEFGNLTRLREIDLSRNFLNGTIPTTLSQIPLEILSVIGNRLSGPFPPQLGDITTLTDVNLETNLFTGPLPRNLGNLRSLKELLLSANNFTGQIPESLSNLKNLTEFRIDGNSLSGKIPDFIGNWTLLERLDLQGTSMEGPIPPSISNLTNLTELRITDLRGQAAFSFPDLRNLMKMKRLVLRNCLIRGPIPEYIGSMSELKTLDLSSNMLTGVIPDTFRNLDAFNFMFLNNNSLTGPVPQFIINSKENLDLSDNNFTQPPTLSCNQLDVNLISSYPSVTDNSVQWCLREGLPCPEDAKQSSLFINCGGSRLKIGKDTYTDDLNSRGQSTFSSVSERWGYSSSGVWLGKEDAGYLATDRFNLINGSTPEYYKTARLSPQSLKYYGLCLRRGSYKLQLHFAEIMFSNDQTFNSLGRRIFDIYVQGNLLERDFNIAERAGGVGKPFIRQIDGVQVNGSTLEIHLQWTGKGTNVIPTRGVYGPLISAITITPNFKVDTGKPLSNGAVAGIVIAACAVFGLLVLVILRLTGYLGGKEVDENEELRGLDLQTGSFTLKQIKRATNNFDPENKIGEGGFGPVYKGVLADGMTIAVKQLSSKSKQGNREFVTEIGMISALQHPNLVKLYGCCIEGKELLLVYEYLENNSLARALFGTEKQRLHLDWSTRNKICIGIAKGLAYLHEESRLKIVHRDIKATNVLLDLSLNAKISDFGLAKLNDDENTHISTRIAGTIGYMAPEYAMRGYLTDKADVYSFGVVCLEIVSGKSNTNYRPKEEFVYLLDWAYVLQEQGSLLELVDPDLGTSFSKKEAMRMLNIALLCTNPSPTLRPPMSSVVSMLEGKIKVQPPLVKREADPSGSAAMRFKALELLSQDSESQVSTYARNREQDISSSSMDGPWVDSSFSEPGKDVSLQQQEEGRSSSSSRKLLDDLTDVKIE
792,O35174,Metazoa,0,0,0,0,0,1,0,0,0,0,0,0,MTRQSLWDVSDTDVEDGEIRINVGGFKRRLRSHTLLRFPETRLGRLLLCHSREAILELCDDYDDVQREFYFDRNPELFPYVLHFYHTGKLHVMAELCVFSFSQEIEYWGINEFFIDSCCSYSYHGRKVEPEQEKWDEQSDQESTTSSFDEILAFYNDASKFDGQPLGNFRRQLWLALDNPGYSVLSRVFSVLSILVVLGSIITMCLNSLPDFQIPDSQGNPGEDPRFEIVEHFGIAWFTFELVARFAVAPDFLKFFKNALNLIDLMSIVPFYITLVVNLVVESSPTLANLGRVAQVLRLMRIFRILKLARHSTGLRSLGATLKYSYKEVGLLLLYLSVGISIFSVVAYTIEKEENEGLATIPACWWWATVSMTTVGYGDVVPGTTAGKLTASACILAGILVVVLPITLIFNKFSHFYRRQKQLESAMRSCDFGDGMKEVPSVNLRDYYAHKVKSLMASLTNMSRSSPSELSLDDSLH
822,C0LGN2,Viridiplantae,0,0,0,0,0,1,0,0,0,0,0,0,MSLNRQLLFTYYFIVSLILFSDFVSSATLPKEEVDALQSVATALKKSNWNFSVDPCDETLSEGGWRNPNAAKGFEDAVTCNCSSVICHVTNIVLKAQDLQGSLPTDLSGLPFLQELDLTRNYLNGSIPPEWGASSLLNISLLGNRISGSIPKELGNLTTLSGLVLEYNQLSGKIPPELGNLPNLKRLLLSSNNLSGEIPSTFAKLTTLTDLRISDNQFTGAIPDFIQNWKGLEKLVIQASGLVGPIPSAIGLLGTLTDLRITDLSGPESPFPPLRNMTSMKYLILRNCNLTGDLPAYLGQNRKLKNLDLSFNKLSGPIPATYSGLSDVDFIYFTSNMLNGQVPSWMVDQGDTIDITYNNFSKDKTEECQQKSVNTFSSTSPLVANNSSNVSCLSKYTCPKTFYGLHINCGGNEITSNETKYDADTWDTPGYYDSKNGWVSSNTGNFLDDDRTNNGKSKWSNSSELKITNSSIDFRLYTQARLSAISLTYQALCLGKGNYTVNLHFAEIMFNEKNMYSNLGRRYFDIYVQGKREVKDFNIVDEAKGVGKAVVKKFPVMVTNGKLEIRLQWAGKGTQAIPVRGVYGPLISAVSVDPDFIPPKEPGTGTGGGSSVGTVVGSVIASTVFLVLLIGGILWWRGCLRPKSQMEKDFKNLDFQISSFSLRQIKVATDNFDPANKIGEGGFGPVHKGIMTDGTVIAVKQLSAKSKQGNREFLNEIAMISALQHPHLVKLYGCCVEGDQLLLVYEYLENNSLARALFGPQETQIPLNWPMRQKICVGIARGLAYLHEESRLKIVHRDIKATNVLLDKELNPKISDFGLAKLDEEENTHISTRVAGTYGYMAPEYAMRGHLTDKADVYSFGVVALEIVHGKSNTSSRSKADTFYLLDWVHVLREQNTLLEVVDPRLGTDYNKQEALMMIQIGMLCTSPAPGDRPSMSTVVSMLEGHSTVNVEKLLEASVNNEKDEESVRAMKRHYATIGEEEITNTTTTDGPFTSSSTSTANANDLYPVKLDSAYWNTRT
869,Q9JHE3,Metazoa,0,0,0,0,0,1,0,0,0,0,0,0,MAKRTFSTLEAFLIFLLVIMTVITVALLTLLFVTSGTIENHKDSGNHWFSTTLGSTTTQPPPITQTPNFPSFRNFSGYYIGVGRADCTGQVSDINLMGYGKNGQNARGLLTRLFSRAFILADPDGSNRMAFVSVELCMISQRLRLEVLKRLESKYGSLYRRDNVILSAIHTHSGPAGFFQYTLYILASEGFSNRTFQYIVSGIMKSIDIAHTNLKPGKIFINKGNVANVQINRSPSSYLLNPQSERARYSSNTDKEMLVLKLVDLNGEDLGLISWFAIHPVSMNNSNHFVNSDNMGYAAYLFEQEKNKGYLPGQGPFVAGFASSNLGDVSPNILGPHCVNTGESCDNDKSTCPNGGPSMCMASGPGQDMFESTHIIGRIIYQKAKELYASASQEVTGPVLAAHQWVNMTDVSVQLNATHTVKTCKPALGYSFAAGTIDGVSGLNITQGTTEGDPFWDTLRDQLLGKPSEEIVECQKPKPILLHSGELTIPHPWQPDIVDVQIVTVGSLAIAAIPGELTTMSGRRFREAIKKEFALYGMKDMTVVIAGLSNVYTHYITTYEEYQAQRYEAASTIYGPHTLSAYIQLFRDLAKAIATDTVANMSSGPEPPFFKNLIASLIPNIADRAPIGKHFGDVLQPAKPEYRVGEVVEVIFVGANPKNSAENQTHQTFLTVEKYEDSVADWQIMYNDASWETRFYWHKGILGLSNATIYWHIPDTAYPGIYRIRYFGHNRKQELLKPAVILAFEGISSPFEVVTT
871,Q8MKK4,Metazoa,0,0,0,0,0,1,0,0,0,0,0,0,MKILMRADTHVSFSVPADGLKANFTFSQVLAALSVSLCSLVVGFVSAYTSPALVSMTDRTITSFEVTKDAGSWVGGIMPLAALAGGITGGPLIEYLGRRSTILATAVPFIVSSLLIACAVNVIMILCGRFLTGFCVGIASLSLPVYLGETLQPEVRGTLGLLPTALGNIGILVCYVAGSFMNWSMLAFLGAALPVPFLILMIIIPETPRWFVNRGQEERARKALKWLRGKEADVEPELKELMQSQADADRQATQNTCLELFKRNNLKPLSISLGLMFFQQFSGINAVIFYTVQIFKDAGSTIDSNLSTIIVGVVNFFATFMGIILIDRLGRKILLYVSDIAMIVTLSILGGFFYCKAHGPDVSHLGWLPLTCFVIYILGFSLGFGPIPWLMMGEILPAKIRGPAASVVTAFNWFCTFVVTKTFQDLTVAMGAHGAFWLFGAICIVGLFFVIIFVPETRGKSLEEIERKMMGRVPMSSVVNIKPFPFNM
879,Q8N4T4,Metazoa,0,0,0,0,0,1,0,0,0,0,0,0,MELSCPGSRCPVQEQRARWERKRACTARELLETERRYQEQLGLVATYFLGILKAKGTLRPPERQALFGSWELIYGASQELLPYLEGGCWGQGLEGFCRHLELYNQFAANSERSQTTLQEQLKKNKGFRRFVRLQEGRPEFGGLQLQDLLPLPLQRLQQYENLVVALAENTGPNSPDHQQLTRAARLISETAQRVHTIGQKQKNDQHLRRVQALLSGRQAKGLTSGRWFLRQGWLLVVPPHGEPRPRMFFLFTDVLLMAKPRPPLHLLRSGTFACKALYPMAQCHLSRVFGHSGGPCGGLLSLSFPHEKLLLMSTDQEELSRWYHSLTWAISSQKN
898,P21462,Metazoa,0,0,0,0,0,1,0,0,0,0,0,0,METNSSLPTNISGGTPAVSAGYLFLDIITYLVFAVTFVLGVLGNGLVIWVAGFRMTHTVTTISYLNLAVADFCFTSTLPFFMVRKAMGGHWPFGWFLCKFVFTIVDINLFGSVFLIALIALDRCVCVLHPVWTQNHRTVSLAKKVIIGPWVMALLLTLPVIIRVTTVPGKTGTVACTFNFSPWTNDPKERINVAVAMLTVRGIIRFIIGFSAPMSIVAVSYGLIATKIHKQGLIKSSRPLRVLSFVAAAFFLCWSPYQVVALIATVRIRELLQGMYKEIGIAVDVTSALAFFNSCLNPMLYVFMGQDFRERLIHALPASLERALTEDSTQTSDTATNSTLPSAEVELQAK
904,Q84VQ3,Viridiplantae,0,0,0,0,0,1,0,0,0,0,0,0,MNRPKVQRRVGKYEVGKTLGQGTFAKVRCAVNTETGERVALKILDKEKVLKHKMAEQIRREICTMKLINHPNVVRLYEVLASKTKIYIVLEFGTGGELFDKIVHDGRLKEENARKYFQQLINAVDYCHSRGVYHRDLKPENLLLDAQGNLKVSDFGLSALSRQVRGDGLLHTACGTPNYAAPEVLNDQGYDGATADLWSCGVILFVLLAGYLPFEDSNLMTLYKKIIAGEYHCPPWLSPGAKNLIVRILDPNPMTRITIPEVLGDAWFKKNYKPAVFEEKEEANLDDVDAVFKDSEEHHVTEKKEEQPTSMNAFELISMSRALDLGNLFEEEEGFKRETRFAAKGAANDLVQKIEEASKPLGFDIQKKNYKMRLENVTAGRKGNLRVATEIFQVSPSLHMIEVRKTKGDTLEFHKFYKKLSTSLNDVVWKSGESSGLSK
908,P30825,Metazoa,0,0,0,0,0,1,0,0,0,0,0,0,MGCKVLLNIGQQMLRRKVVDCSREETRLSRCLNTFDLVALGVGSTLGAGVYVLAGAVARENAGPAIVISFLIAALASVLAGLCYGEFGARVPKTGSAYLYSYVTVGELWAFITGWNLILSYIIGTSSVARAWSATFDELIGRPIGEFSRTHMTLNAPGVLAENPDIFAVIIILILTGLLTLGVKESAMVNKIFTCINVLVLGFIMVSGFVKGSVKNWQLTEEDFGNTSGRLCLNNDTKEGKPGVGGFMPFGFSGVLSGAATCFYAFVGFDCIATTGEEVKNPQKAIPVGIVASLLICFIAYFGVSAALTLMMPYFCLDNNSPLPDAFKHVGWEGAKYAVAVGSLCALSASLLGSMFPMPRVIYAMAEDGLLFKFLANVNDRTKTPIIATLASGAVAAVMAFLFDLKDLVDLMSIGTLLAYSLVAACVLVLRYQPEQPNLVYQMASTSDELDPADQNELASTNDSQLGFLPEAEMFSLKTILSPKNMEPSKISGLIVNISTSLIAVLIITFCIVTVLGREALTKGALWAVFLLAGSALLCAVVTGVIWRQPESKTKLSFKVPFLPVLPILSIFVNVYLMMQLDQGTWVRFAVWMLIGFIIYFGYGLWHSEEASLDADQARTPDGNLDQCK
942,Q9BQ31,Metazoa,0,0,0,0,0,1,0,0,0,0,0,0,MVFGEFFHRPGQDEELVNLNVGGFKQSVDQSTLLRFPHTRLGKLLTCHSEEAILELCDDYSVADKEYYFDRNPSLFRYVLNFYYTGKLHVMEELCVFSFCQEIEYWGINELFIDSCCSNRYQERKEENHEKDWDQKSHDVSTDSSFEESSLFEKELEKFDTLRFGQLRKKIWIRMENPAYCLSAKLIAISSLSVVLASIVAMCVHSMSEFQNEDGEVDDPVLEGVEIACIAWFTGELAVRLAAAPCQKKFWKNPLNIIDFVSIIPFYATLAVDTKEEESEDIENMGKVVQILRLMRIFRILKLARHSVGLRSLGATLRHSYHEVGLLLLFLSVGISIFSVLIYSVEKDDHTSSLTSIPICWWWATISMTTVGYGDTHPVTLAGKLIASTCIICGILVVALPITIIFNKFSKYYQKQKDIDVDQCSEDAPEKCHELPYFNIRDIYAQRMHTFITSLSSVGIVVSDPDSTDASSIEDNEDICNTTSLENCTAK
951,Q8R4I7,Metazoa,0,0,0,0,0,1,0,0,0,0,0,0,MIYGRSLFHIIASLIILHSSGATKKGTEKQITPETQKSVQCGTWTKHAEGGVFTSPNYPSKYPPDRECVYIIEAAPRQCIELYFDEKYSIEPSWECKFDHIEVRDGPFGFSPIIGRFCGQQNPPVIKSSGRFLWIKFFADGELESMGFSARYNFTPDPDFKDLGVLKPLPACEFEMGGPEGIVESIQILKEGKASASEAVDCKWYIRAPPRSKIYLRFLDYEMQNSNECKRNFVAVYDGSSSVEDLKAKFCSTVANDVMLRTGLGVIRMWADEGSRNSRFQMLFTSFQEPPCEGNTFFCHSNMCINNTLVCNGLQNCVYPWDENHCKEKRKTSLLDQLTNTSGTVIGVTSCIVIILIIVSVIVQIKQPRKKYVQRKSDFDQTVFQEVFEPPHYELCTLRGTGATADFADVAEDFENYHKLRRSSSKCIHDHHCGSQLSSAKGSRSNLSTRDASILAEIPTQPVKPLIPPVNRRNILVMKHNYSQDAADACDIDEIEEVPTTSHRLSRHEKSVQRFCLIGSLSKHESEYNTTRV
958,Q6PAJ1,Metazoa,0,0,0,0,0,1,0,0,0,0,0,0,MVDSVGFAEAWRAQFPDSEPPRMELRSVGDIEQELERCKASIRRLEQEVNQERFRMIYLQTLLAKEKKSYDRQRWGFRRAAQPPDGAAEPRASAPRPPPAPADGADPAPVEESEARPDGEGSPSKGRSASARRPAAAASADRDDRGPPTSVAALRSNFEKIRKGPAQPGSADAEKPFYVNVEFHHERGLVKVNDKEVSDRISSLGSQAMQMERKKSQQSAGQGLGEAPRPHYRGRSSESSCGLDGDYEDAELNPRFLKDNLINANGGNRPPWPPLEYQPYQSIYVGGMMVEGEGKSPLLRSQSTSEQEKRLTWPRRSYSPRSFEDSGGGYTPDCSSNENLTSSEEDFSSGQSSRVSPSPTTYRMFRDKSRSPSQNSQQSFDSSSPPTPQCQKRHRQCQVVVSEATIVGVRKTGQIWPSDGDSTFQGEADSSFGTPPGYGCAADQAEEQRRHQDGLPYIDDSPSSSPHLSSKGRGSLASGALDPTKVSELDLEKGLEMRKWVLSGILASEETYLSHLEALLLPMKPLKAAATTSQPVLTSQQIETIFFKVPELYEIHKEFYDGLFPRVQQWSHQQRVGDLFQKLASQLGVYRAFVDNYGVAMETAEKCCQANAQFAEISENLRARSNKDVKDSTTKNSLETLLYKPVDRVTRSTLVLHDLLKHTPSSHPDHSLLQDALRISQNFLSSINEEITPRRQSMTVKKGEHRQLLKDSFMVELVEGARKLRHIFLFTDLLLCTKLKKQSGGKTQQYDCKWYIPLTDLSFQMVDELEALPNIPLVPDEELDALKIKISQIKSDIQREKRANKGSKVMERLRKKLSEQESLLLLMSPSMAFRVHSRNGKSYTFLISSDYERAEWRESIREQQKKCFKSFSLTSVELQMLTNSCVKLQTVHHIPLTINKEDDESPGLYGFLHVIVHSATGFKQSSNLYCTLEVDSFGYFVNKAKTRVYRDTTEPNWNEEFEIELEGSQTLRILCYEKCYNKMKMTKEDGESADKLMGKGQVQLDPQTLQDRDWQRTVIDMNGIEVKLSVKFTSREFSLKRMPSRKQTGVFGVKIAVVTKRERSKVPYIVRQCVEEIERRGMEEVGIYRVSGVATDIQALKAAFDVNNKDVSVMMSEMDVNAIAGTLKLYFRELPEPLFTDEFYPNFAEGIALSDPVAKESCMLNLLLSLPEANLLTFLFLLDHLKRVAEKETVNKMSLHNLATVFGPTLLRPSEKESKLPANPSQPITMTDSWSLEVMSQVQVLLYFLQLEAIPAPDSKRQSILFSTEV
992,O57579,Metazoa,0,0,0,0,0,1,0,0,0,0,0,0,MAAGFFISKSVGIVGIVLALGAVATIIALSVVYAQEKNKSSGGSGGSDTTSTTTASTTTASTTAAPNNPWNRWRLPTALKPESYEVTLQPFLTPDDNNMYIFKGNSSVVFLCEEATDLILIHSNKLNYTLQGGFHASLHAVNGSTPPTISNTWLETNTQYLVLQLAGPLQQGQHYRLFSIFTGELADDLAGFYRSEYTEGNVTKVVATTQMQAPDARKAFPCFDEPAMKAVFTVTMIHPSDHTAISNMPVHSTYQLQMDGQSWNVTQFDPTPRMSTYLLAFIVSQFDYVENNTGKVQIRIWGRPAAIAEGQGEYALEKTGPILSFFERHYNTAYPLPKSDQVGLPDFNAGAMENWGLVTYRENSLLYDNAYSSIGNKERVVTVIAHELAHQWFGNLVTLRWWNDLWLNEGFASYVEYLGADSAEPTWDIKDLMVLNELYTVMATDALTTSHPLTFREDEINTPAQISEVFDSIAYSKGASVLRMLSDFLTEDVFKEGLQSYLHDFSYNNTVYTDLWDHLQEAVNKNSVPLPDSIGAIMDRWTLQMGFPVVTVNTLTGSVQQSHFLLDSNSTVERPSVFNYTWIVPITWMTPSRTGDRYWLVDVSATNSNFSVGSSTWLLLNLNVSGYFRVNYNQENWDQLLQQLSNNHQAIPVINRAQIIDDAFNLARAHNVNVTLALNTTRFLSGETAYMPWQAALNNLQYFQLMFDRSEVFGAMTKYIQKQVTPLFEYYRTATNNWTAIPSALMDQYNEINAISTACSYGIAECQQLATALYQQWRQNVSNNPIAPNLRSAIYCSAVATGGEEVWDFIWERFLEAPVVSEADKLRTALTCSTETWILQRYLQYTIDPTKIRKQDATSTINSIASNVVGQPLAWDFIRSNWRTLFGQYGGGSFSFSRLISAVTQRFNTEFELKQLEHFKADNQDIGFGSGTRALEQALERTRTNINWVKENKEVVHAWFRAETASS
1008,Q9NX52,Metazoa,0,0,0,0,0,1,0,0,0,0,0,0,MAAVHDLEMESMNLNMGREMKEELEEEEKMREDGGGKDRAKSKKVHRIVSKWMLPEKSRGTYLERANCFPPPVFIISISLAELAVFIYYAVWKPQKQWITLDTGILESPFIYSPEKREEAWRFISYMLVHAGVQHILGNLCMQLVLGIPLEMVHKGLRVGLVYLAGVIAGSLASSIFDPLRYLVGASGGVYALMGGYFMNVLVNFQEMIPAFGIFRLLIIILIIVLDMGFALYRRFFVPEDGSPVSFAAHIAGGFAGMSIGYTVFSCFDKALLKDPRFWIAIAAYLACVLFAVFFNIFLSPAN
1012,O80623,Viridiplantae,0,0,0,0,0,1,0,0,0,0,0,0,MINLKLFLELKLCFLITLLCSSHISSVSDTFFINCGSPTNVTVNNRTFVSDNNLVQGFSVGTTDSNSGDESTLFQTARVFSDESSSTYRFPIEEHGWFLIRIYFLPLVSASQDLTTARFSVSAQNFTLIREYKPSTTSVVREYILNVTTDSLLLQFLPRTGSVSFINALEVLRLPETLIPEDAKLIGTQKDLKLSSHAMETVSRVNMGNLSVSRDQDKLWRQWDSDSAYKAHFGTPVMNLKAVNFSAGGITDDIAPVYVYGTATRLNSDLDPNTNANLTWTFKVEPGFDYFVRFHFCNIIVDPFGFERQIRFDIFVNSEKVRTIDMTEVLNGTFGAPFFVDAVMRKAKSREGFLNLSIGLVMDVSSYPVSFINGFEISKLSNDKRSLDAFDAILPDGSSSNKSSNTSVGLIAGLSAALCVALVFGVVVSWWCIRKRRRRNRQMQTVHSRGDDHQIKKNETGESLIFSSSKIGYRYPLALIKEATDDFDESLVIGVGGFGKVYKGVLRDKTEVAVKRGAPQSRQGLAEFKTEVEMLTQFRHRHLVSLIGYCDENSEMIIVYEYMEKGTLKDHLYDLDDKPRLSWRQRLEICVGAARGLHYLHTGSTRAIIHRDVKSANILLDDNFMAKVADFGLSKTGPDLDQTHVSTAVKGSFGYLDPEYLTRQQLTEKSDVYSFGVVMLEVVCGRPVIDPSLPREKVNLIEWAMKLVKKGKLEDIIDPFLVGKVKLEEVKKYCEVTEKCLSQNGIERPAMGDLLWNLEFMLQVQAKDEKAAMVDDKPEASVVGSTMQFSVNGVGDIAGVSMSKVFAQMVREETR
1050,Q6F6B3,Metazoa,0,0,0,0,0,1,0,0,0,0,0,0,MLKAVLKKSREGVKGSKKEAGGDFGSETPTLSSSGDSPVNSLSTTEDTYRVSLAKGVSMSLPSSPLLPRQSHLTQSRANKKSPGPVRKPKYVESPRVPGDPVMIPFREGSKPAEPIETEAKVDNEPSCSPAAQELLTRLGFLLGEGIPSATHITIEDKNEAMCTALSQGISPCSTLTSSTASPSTDSPCSTLNSCVSKTAANKSPCETISSPSSTLESKDSGIIATITSSSENDDRSGSSLEWNRDGSLRLGVQKGVLHDRRLDNCSPVAEEETTGSAESVLPKAESSAGDGPVPYSQSSGSLIMPRPNSVAATSSTKLEDLSYLDGQRNAPLRTSIRLPWHSTAGARFAPYKPQEILLKPLLFEVPSITTDSVFVGRDWLFQQIEENLRNTELAENRGAVVVGNVGFGKTAIISKLVALSCHGSRMRQVASSSPSSSLKTSDPTHDLPGTPLLSPSSSTSALSAARTPPGPGTVDSQRPREDAVKYLASRVVAYHYCQADNTYTCLVPEFVHSIATLLCRSHQLAAYRDLLIREPQLQSMLNLRSCVQDPVAAFKRGILEPLTNLRNEQKIPEEEYIILIDGLNEAEFHKPDHGDTLSSFITKIIPKFPPWLKLIVTVRADFQEIISTLPFVKLSLDDFPGNQDIHSDLHAYVQHRVHSSQDILSNISLNGKADAALIGKVSSRLVLRNLGSYLYLKLTLDLFQRGHLVIKSASYKVVPVSLSELYLLQCNMKFMTQSAFDRALPILNVALASLHPMTDEQIFQAINAGHIQGEQGWEDFQQKMEALSCFLIKKRDKTRMFCHPSFREWLVWRADGESTAFLCEPRNGHALLAFMFSRQESKLNRQQTVELGHHILKAHIFKGLSKKTGVSSSHPQALWIGYSTEGLSAALASLRNLYTPNVKVSRLLILGGANVNYRTEVLNNAPILCVQSHLGHEEVVTLLLEFGACLDGMSENGMNALCYAAAAGHMKLVCLLTKKGARVDHLDKKGQCALVHSALRGHSDILQYLLNCEWSAGPPQPGTLRKSQALQQALTAAASMGHSAVVQSLLGMAEEHEIEVNGTDTLWGETALTAAAGRGKLEICELLLERGAAVSRANRRGVPPLFCAARQGHWQVVQLLLDRGCDVNPNDKQGRTPLMVAACEGHLSTVEFLLSKGAALSSLDKEGLSALSWACLKGHRAVVQYLVEEGAEIDQTDKNGRTPLDLAAFYGDAETVLYLVEKGAVIEHVDHSGMRPLDRAIGCRNTAVVVTLLRKGAKLGNAAWAMATFKPDILIILLQKLMEEGNVMYKKGKMKEAAQRYQYALRKFPREGPGEDMRPFNELRVSLYLNLSRCRRKTNDFGLAEEFASKALELKPKSYEAFYARARAKRNSRQFLAALADLQEAVKLCPTNQEIKRLLARVEEECKQLQRNQQQKQQAPLPAPPNDSDNDEEAPASSLKDHFPIEEAEEEDTSSQEESISPTPRSQPPPSVPSPYIRNLQEGLQSKGRPASPQSWAGISKSLRETVAQPGLVMQPTKQAQIVKTNQHLGSGQSSMRNSNTKVQVSSQNPPPSPMPGRVSAAPAVSRNQHLEGTGPFSTGTGCGHFGDRLGPSQSLQLQRGESGTAYPLPSKVKAAERLLAHASVAVDMALPSQGGPVSCSDVRHPASLSSSGSSGSPSSSVKMSSSTSSLTSSSSVSDGFKAQGPDCRIRDRGTTQVQGGTAEHRPRNTPFMGIMDKIARFQQQVNPPSRSWHCPVTEGLLTNTATAAGLQTNSEKPALKPGGYCSQAKPCSVPPLGMGVHNGAQVKELEENKCQVPALCQDNRKTKGVPHLYPEGVSKQPLHVSTEAHRSHLTSAKPKRSFIESNV
1054,Q8RWZ5,Viridiplantae,0,0,0,0,0,1,0,0,0,0,0,0,MRGVFIVIVTCLVFLPDPLRAGVASIGSITPGFGGSQMNYINNDGIFLESNNSAFGFGFVTTQDSVTLFTLSIIHKSSTKLIWSANRASPVSNSDKFVFDDNGNVVMEGTEVWRLDNSGKNASRIELRDSGNLVVVSVDGTSIWESFDHPTDTLITNQAFKEGMKLTSSPSSSNMTYALEIKSGDMVLSVNSLTPQVYWSMANARERIINKDGGVVTSSSLLGNSWRFFDQKQVLLWQFVFSDNKDDNTTWIAVLGNNGVISFSNLGSGASAADSSTKIPSDLCGTPEPCGPYYVCSGSKVCGCVSGLSRARSDCKTGITSPCKKTKDNATLPLQLVSAGDGVDYFALGYAPPFSKKTDLDSCKEFCHNNCSCLGLFFQNSSGNCFLFDYIGSFKTSGNGGSGFVSYIKIASTGSGGGDNGEDDGKHFPYVVIIVVVTVFIIAVLIFVAFRIHKRKKMILEAPQESSEEDNFLENLSGMPIRFAYKDLQSATNNFSVKLGQGGFGSVYEGTLPDGSRLAVKKLEGIGQGKKEFRAEVSIIGSIHHLHLVRLRGFCAEGAHRLLAYEFLSKGSLERWIFRKKDGDVLLDWDTRFNIALGTAKGLAYLHEDCDARIVHCDIKPENILLDDNFNAKVSDFGLAKLMTREQSHVFTTMRGTRGYLAPEWITNYAISEKSDVYSYGMVLLELIGGRKNYDPSETSEKCHFPSFAFKKMEEGKLMDIVDGKMKNVDVTDERVQRAMKTALWCIQEDMQTRPSMSKVVQMLEGVFPVVQPPSSSTMGSRLYSSFFKSISEDGGATTSSGPSDCNSENYLSAVRLSGPR
3281,Q9UBM7,Metazoa,0,0,0,0,0,0,0,0,1,0,0,0,MAAKSQPNIPKAKSLDGVTNDRTASQGQWGRAWEVDWFSLASVIFLLLFAPFIVYYFIMACDQYSCALTGPVVDIVTGHARLSDIWAKTPPITRKAAQLYTLWVTFQVLLYTSLPDFCHKFLPGYVGGIQEGAVTPAGVVNKYQINGLQAWLLTHLLWFANAHLLSWFSPTIIFDNWIPLLWCANILGYAVSTFAMVKGYFFPTSARDCKFTGNFFYNYMMGIEFNPRIGKWFDFKLFFNGRPGIVAWTLINLSFAAKQRELHSHVTNAMVLVNVLQAIYVIDFFWNETWYLKTIDICHDHFGWYLGWGDCVWLPYLYTLQGLYLVYHPVQLSTPHAVGVLLLGLVGYYIFRVANHQKDLFRRTDGRCLIWGRKPKVIECSYTSADGQRHHSKLLVSGFWGVARHFNYVGDLMGSLAYCLACGGGHLLPYFYIIYMAILLTHRCLRDEHRCASKYGRDWERYTAAVPYRLLPGIF
3306,Q9FMY1,Viridiplantae,0,0,0,0,0,0,0,0,1,0,0,0,MNFNSSYNLTFNDVFFSSSSSSDPLVSRRLFLLRDVQILELLIAIFVFVAIHALRQKKYQGLPVWPFLGMLPSLAFGLRGNIYEWLSDVLCLQNGTFQFRGPWFSSLNSTITCDPRNVEHLLKNRFSVFPKGSYFRDNLRDLLGDGIFNADDETWQRQRKTASIEFHSAKFRQLTTQSLFELVHKRLLPVLETSVKSSSPIDLQDVLLRLTFDNVCMIAFGVDPGCLGPDQPVIPFAKAFEDATEAAVVRFVMPTCVWKFMRYLDIGTEKKLKESIKGVDDFADEVIRTRKKELSLEGETTKRSDLLTVFMGLRDEKGESFSDKFLRDICVNFILAGRDTSSVALSWFFWLLEKNPEVEEKIMVEMCKILRQRDDHGNAEKSDYEPVFGPEEIKKMDYLQAALSEALRLYPSVPVDHKEVQEDDVFPDGTMLKKGDKVIYAIYAMGRMEAIWGKDCLEFRPERWLRDGRFMSESAYKFTAFNGGPRLCLGKDFAYYQMKSTAAAIVYRYKVKVVNGHKVEPKLALTMYMKHGLMVNLINRSVSEIDQYYAKSFDEGYIN
3314,Q8VY97,Viridiplantae,0,0,0,0,0,0,0,0,1,0,0,0,MAPIFRSTSLIAFSLFFFFFASTLPISSGSEDSYTITGRVRVPASTVIGHAAKFSNIKVILNGGQHVTFLRPDGYFTFHKVPAGTHLIEVYALGYFFSPVRVDVSARHRGKVQATLTETRRSLTELVLEPLRAEQYYEMREPFSVMSIVKSPMGLMVGFMVVVVFLMPKLMENIDPEEMKSAQEQMRSQGVPSLTSLLPASR
3316,Q5VV42,Metazoa,0,0,0,0,0,0,0,0,1,0,0,0,MPSASCDTLLDDIEDIVSQEDSKPQDRHFVRKDVVPKVRRRNTQKYLQEEENSPPSDSTIPGIQKIWIRTWGCSHNNSDGEYMAGQLAAYGYKITENASDADLWLLNSCTVKNPAEDHFRNSIKKAQEENKKIVLAGCVPQAQPRQDYLKGLSIIGVQQIDRVVEVVEETIKGHSVRLLGQKKDNGRRLGGARLDLPKIRKNPLIEIISINTGCLNACTYCKTKHARGNLASYPIDELVDRAKQSFQEGVCEIWLTSEDTGAYGRDIGTNLPTLLWKLVEVIPEGAMLRLGMTNPPYILEHLEEMAKILNHPRVYAFLHIPVQSASDSVLMEMKREYCVADFKRVVDFLKEKVPGITIATDIICGFPGETDQDFQETVKLVEEYKFPSLFINQFYPRPGTPAAKMEQVPAQVKKQRTKDLSRVFHSYSPYDHKIGERQQVLVTEESFDSKFYVAHNQFYEQVLVPKNPAFMGKMVEVDIYESGKHFMKGQPVSDAKVYTPSISKPLAKGEVSGLTKDFRNGLGNQLSSGSHTSAASQCDSASSRMVLPMPRLHQDCALRMSVGLALLGLLFAFFVKVYN
3341,Q2L6L1,Metazoa,0,0,0,0,0,0,0,0,1,0,0,0,MSPWIKHICLVLVAAFMLVKTTESKKDEALYCSACMAIADEINYSISQTDPKKMIHVGGFRLKPDGSLTDKKVPLARSETYLTELLEEVCKSMSDYALYENPDTKEKSYKRFAPRDNDGGNFPDFKNFKFDGPESSSALKFACESIVEELEDDIISLFASDSDHVAKTLCSEVSDHCKSSVFQHSEL
3359,Q6E213,Metazoa,0,0,0,0,0,0,0,0,1,0,0,0,MLLPSKKDLKTALDVFAVFQWSFSALLITTTVIAVNLYLVVFTPYWPVTVLILTWLAFDWKTPQRGGRRFTCVRHWRLWKHYSDYFPLKLLKTHDICPSRNYILVCHPHGLFAHGWFGHFATEASGFSKIFPGITPYILTLGAFFWMPFLREYVMSTGACSVSRSSIDFLLTHKGTGNMVIVVIGGLAECRYSLPGSSTLVLKNRSGFVRMALQHGVPLIPAYAFGETDLYDQHIFTPGGFVNRFQKWFQSMVHIYPCAFYGRGFTKNSWGLLPYSRPVTTIVGEPLPMPKIENPSQEIVAKYHTLYIDALRKLFDQHKTKFGISETQELEII
3414,P52193,Metazoa,0,0,0,0,0,0,0,0,1,0,0,0,MLLPVPLLLGLLGLAAADPTVYFKEQFLDGDGWTERWIESKHKPDFGKFVLSSGKFYGDQEKDKGLQTSQDARFYALSARFEPFSNKGQTLVVQFTVKHEQNIDCGGGYVKLFPAGLDQTDMHGDSEYNIMFGPDICGPGTKKVHVIFNYKGKNVLINKDIRCKDDEFTHLYTLIVRPNNTYEVKIDNSQVESGSLEDDWDFLPPKKIKDPDAAKPEDWDDRAKIDDPTDSKPEDWDKPEHIPDPDAKKPEDWDEEMDGEWEPPVIQNPEYKGEWKPRQIDNPEYKGIWIHPEIDNPEYSPDSNIYAYENFAVLGLDLWQVKSGTIFDNFLITNDEAYAEEFGNETWGVTKAAEKQMKDKQDEEQRLHEEEEEKKGKEEEEADKDDDEDKDEDEEDEDEKEEEEEEDAAAGQAKDEL
3435,Q12025,Fungi,0,0,0,0,0,0,0,0,1,0,0,0,MLVRLLRVILLASMVFCADILQLSYSDDAKDAIPLGTFEIDSTSDGNVTVTTVNIQDVEVSGEYCLNAQIEGKLDMPCFSYMKLRTPLKYDLIVDVDEDNEVKQVSLSYDETNDAITATVRYPEAGPTAPVTKLKKKTKTYADKKASKNKDGSTAQFEEDEEVKEVSWFQKNWKMLLLGLLIYNFVAGSAKKQQQGGAGADQKTE
3467,Q0WL80,Viridiplantae,0,0,0,0,0,0,0,0,1,0,0,0,MGTTTNLRSWLYLILLFIVVVGVNAQNRRPKNVQVAVKAKWQGTPLLLEAGELISKESKQLFWEFTDAWLGSDGDDSDCKSARDCLLKISKQASTLLAQPVASLFHFSLTLRSASPRLVLYRQLADESLSSFPHGDDPSATGCCWVDTGSSLFYDVADLQSWLASAPAVGDAVQGPELFDFDHVHFDSRAGSPVAVLYGAVGTDCFRKFHLSLAKAAKEGKVTYVVRPVLPLGCEGKTRPCGAIGARDNVSLAGYGVELALKNMEYKAMDDSAIKKGITLEDPRTEDLSQDVRGFIFSKILDRKPELRSEVMAFRDYLLSSTVSDTLDVWELKDLGHQTAQRIVHASDPLQSMQEINQNFPSVVSSLSRMKLNESIKDEILSNQRMVPPGKALLALNGALLNIEDIDLYMLMDLAHQELSLANHFSKLKIPDGAIRKLLLTTPLPEPDSYRVDFRSVHVTYLNNLEEDDMYKRWRSNINEILMPAFPGQLRYIRKNLFHAVYVIDPATACGLESIETLRSLYENQLPVRFGVILYSTQLIKTIENNGGQIPSSDAVTNAQVKEDLSTMVIRLFLYIKEHHGIQTAFQFLGNLNTLRTESADSSEADIEQEHVDGAFVETILPKVKTLPQDILLKLRQEHTLKEASEASSMFVFKLGLAKLKCSFLMNGLVFDSVEEETLLNAMNEELPKIQEQVYYGQIESHTKVLDKLLSESGLSRYNPQIISGGKNKPRFVSLASSTRKGESMLNDVNYLHSPETSEDVKYVTHLLAADVATKKGMKLLHEGVRYLIGGSKSARLGVLFSSSQNADPHSLLFIKFFEKTASSFSHKEKVLYFLDKLCLFYEREYLLKTSVESASSQMFIDKVLELADEYGLSSKAYRSCLVESVDEELLKRLTKVAQFLSWELGLESDANAIISNGRVIFPVDERTFLGQDLHLLESMEFNQRVKPVQEIIEGIEWQDVDPDLLTSKYFSDVFMFVSSAMATRDRSSESARFEVLNSEYSAVLLGNENATIHIDAVIDPLSPTGQKLASLLQVLQKHVQTSMRIVLNPMSSLVDIPLKNYYRYVLPNTDDYSSTGFDVDGPKAFFANMPLSKTLTMNLDVPEPWLVEPVIAIHDLDNILLENLGDTTTLQAVFEVESLVLTGHCAEKDHEAPRGLQLILGTKNRPHLVDTLVMANLGYWQMKVSPGVWYLQLAPGRSSELYALKGGNDGSQDQSSLKRITIDDLRGKVVHLEVVKRKGKEHEKLLVPSDGDDAVQQNKEGSWNSNFLKWASGFVGGRQQSMKGGPDKEHEKGGRQGKTINIFSIASGHLYERFLKIMILSVLKNTNRPVKFWFIKNYLSPQFKDVIPHMAQEYNFEYELITYKWPSWLHKQKEKQRIIWAYKILFLDVIFPLSLEKVIFVDADQIIRTDMGELYDMDIKGRPLAYTPFCDNNREMDGYKFWKQGFWKEHLRGRPYHISALYVVDLVKFRETAAGDNLRVFYETLSKDPNSLSNLDQDLPNYAQHTVPIFSLPQEWLWCESWCGNATKAKARTIDLCNNPMTKEPKLQGARRIVTEWPDLDLEARKFTAKILGEDVELNEPVAAPATDKPNPLPSNDISEDTEQDLESKAEL
3495,Q9Z2A7,Metazoa,0,0,0,0,0,0,0,0,1,0,0,0,MGDRGGAGSSRRRRTGSRVSVQGGSGPKVEEDEVRDAAVSPDLGAGGDAPAPAPAPAHTRDKDGRTSVGDGYWDLRCHRLQDSLFSSDSGFSNYRGILNWCVVMLILSNARLFLENLIKYGILVDPIQVVSLFLKDPYSWPAPCVIIASNIFVVAAFQIEKRLAVGALTEQMGLLLHVVNLATIICFPAAVALLVESITPVGSVFALASYSIMFLKLYSYRDVNLWCRQRRVKAKAVSTGKKVSGAAAQQAVSYPDNLTYRDLYYFIFAPTLCYELNFPRSPRIRKRFLLRRVLEMLFFTQLQVGLIQQWMVPTIQNSMKPFKDMDYSRIIERLLKLAVPNHLIWLIFFYWFFHSCLNAVAELLQFGDREFYRDWWNAESVTYFWQNWNIPVHKWCIRHFYKPMLRHGSSKWVARTGVFLTSAFFHEYLVSVPLRMFRLWAFTAMMAQVPLAWIVGRFFQGNYGNAAVWVTLIIGQPVAVLMYVHDYYVLNYDAPVGV
3595,O82352,Viridiplantae,0,0,0,0,0,0,0,0,1,0,0,0,MAEEIEKSVPTEESLMEKISEKIHHHDSSSSSESEYEKPDSPSAVKAKIYRMFGREKPVHKVLGGGKPADVFLWRDKKLSGAVLGVATAIWVLFELVEYHLLSLLCHISILALGGLFLWSNAHTLINKTSPQIPEIHVPEEAFLVVASSLRNELNQAFVILRSIALGRDLKKFLMVVVGLWIISVVGNWFNFLTLVYICFVILHTVPMLYEKHEDKVDPLAEKAMKELQKQYVVFDEKVLSKIPIASLKAKAKLG
3609,P22309-2,Metazoa,0,0,0,0,0,0,0,0,1,0,0,0,MAVESQGGRPLVLGLLLCVLGPVVSHAGKILLIPVDGSHWLSMLGAIQQLQQRGHEIVVLAPDASLYIRDGAFYTLKTYPVPFQREDVKESFVSLGHNVFENDSFLQRVIKTYKKIKKDSAMLLSGCSHLLHNKELMASLAESSFDVMLTDPFLPCSPIVAQYLSLPTVFFLHALPCSLEFEATQCPNPFSYVPRPLSSHSDHMTFLQRVKNMLIAFSQNFLCDVVYSPYATLASEFLQREVTVQDLLSSASVWLFRSDFVKDYPRPIMPNMVFVGGINCLHQNPLSQEFEAYINASGEHGIVVFSLGSMVSEIPEKKAMAIADALGKIPQTVLWRYTGTRPSNLANNTILVKWLPQNDLLGHPMTRAFITHAGSHGVYESICNGVPMVMMPLFGDQMDNAKRMETKGAGVTLNVLEMTSEDLENALKAVINDKRKKQQSGRQM
3633,P28845,Metazoa,0,0,0,0,0,0,0,0,1,0,0,0,MAFMKKYLLPILGLFMAYYYYSANEEFRPEMLQGKKVIVTGASKGIGREMAYHLAKMGAHVVVTARSKETLQKVVSHCLELGAASAHYIAGTMEDMTFAEQFVAQAGKLMGGLDMLILNHITNTSLNLFHDDIHHVRKSMEVNFLSYVVLTVAALPMLKQSNGSIVVVSSLAGKVAYPMVAAYSASKFALDGFFSSIRKEYSVSRVNVSITLCVLGLIDTETAMKAVSGIVHMQAAPKEECALEIIKGGALRQEEVYYDSSLWTTLLIRNPCRKILEFLYSTSYNMDRFINK
3735,P18125,Metazoa,0,0,0,0,0,0,0,0,1,0,0,0,MMTISLIWGIAVLVSCCIWFIVGIRRRKAGEPPLENGLIPYLGCALKFGSNPLEFLRANQRKHGHVFTCKLMGKYVHFITNSLSYHKVLCHGKYFDWKKFHYTTSAKAFGHRSIDPNDGNTTENINNTFTKTLQGDALCSLSEAMMQNLQSVMRPPGLPKSKSNAWVTEGMYAFCYRVMFEAGYLTLFGRDISKTDTQKALILNNLDNFKQFDQVFPALVAGLPIHLFKTAHKAREKLAEGLKHKNLCVRDQVSELIRLRMFLNDTLSTFDDMEKAKTHLAILWASQANTIPATFWSLFQMIRSPEAMKAASEEVSGALQSAGQELSSGGSAIYLDQVQLNDLPVLDSIIKEALRLSSASLNIRTAKEDFTLHLEDGSYNIRKDDMIALYPQLMHLDPEIYPDPLTFKYDRYLDESGKAKTTFYSNGNKLKCFYMPFGSGATICPGRLFAVQEIKQFLILMLSCFELEFVESQVKCPPLDQSRAGLGILPPLHDIEFKYKLKH
3857,Q9JMF7,Metazoa,0,0,0,0,0,0,0,0,1,0,0,0,MAADGQCSLPASWRPVTLTHVEYPAGDLSGHLLAYLSLSPIFVVVGFLTLIIFKRELHTISFLGGLALNQGVNWLIKHVIQEPRPCGGPHTAVGTKYGMPSSHSQFMWFFSVYSFLFLYLRMHQTNNARFLDLLWRHVLSLGLLTAAFLVSYSRVYLLYHTWSQVFYGGVAGSLMAVAWFIITQEILTPLFPRIAAWPISEFFLIRDTSLIPNVLWFEYTVTRAEARNRQRKLGTKLQ
3888,P11881,Metazoa,0,0,0,0,0,0,0,0,1,0,0,0,MSDKMSSFLHIGDICSLYAEGSTNGFISTLGLVDDRCVVQPEAGDLNNPPKKFRDCLFKLCPMNRYSAQKQFWKAAKPGANSTTDAVLLNKLHHAADLEKKQNETENRKLLGTVIQYGNVIQLLHLKSNKYLTVNKRLPALLEKNAMRVTLDEAGNEGSWFYIQPFYKLRSIGDSVVIGDKVVLNPVNAGQPLHASSHQLVDNPGCNEVNSVNCNTSWKIVLFMKWSDNKDDILKGGDVVRLFHAEQEKFLTCDEHRKKQHVFLRTTGRQSATSATSSKALWEVEVVQHDPCRGGAGYWNSLFRFKHLATGHYLAAEVDPDFEEECLEFQPSVDPDQDASRSRLRNAQEKMVYSLVSVPEGNDISSIFELDPTTLRGGDSLVPRNSYVRLRHLCTNTWVHSTNIPIDKEEEKPVMLKIGTSPLKEDKEAFAIVPVSPAEVRDLDFANDASKVLGSIAGKLEKGTITQNERRSVTKLLEDLVYFVTGGTNSGQDVLEVVFSKPNRERQKLMREQNILKQIFKLLQAPFTDCGDGPMLRLEELGDQRHAPFRHICRLCYRVLRHSQQDYRKNQEYIAKQFGFMQKQIGYDVLAEDTITALLHNNRKLLEKHITAAEIDTFVSLVRKNREPRFLDYLSDLCVSMNKSIPVTQELICKAVLNPTNADILIETKLVLSRFEFEGVSTGENALEAGEDEEEVWLFWRDSNKEIRSKSVRELAQDAKEGQKEDRDILSYYRYQLNLFARMCLDRQYLAINEISGQLDVDLILRCMSDENLPYDLRASFCRLMLHMHVDRDPQEQVTPVKYARLWSEIPSEIAIDDYDSSGTSKDEIKERFAQTMEFVEEYLRDVVCQRFPFSDKEKNKLTFEVVNLARNLIYFGFYNFSDLLRLTKILLAILDCVHVTTIFPISKMTKGEENKGSNVMRSIHGVGELMTQVVLRGGGFLPMTPMAAAPEGNVKQAEPEKEDIMVMDTKLKIIEILQFILNVRLDYRISCLLCIFKREFDESNSQSSETSSGNSSQEGPSNVPGALDFEHIEEQAEGIFGGSEENTPLDLDDHGGRTFLRVLLHLTMHDYPPLVSGALQLLFRHFSQRQEVLQAFKQVQLLVTSQDVDNYKQIKQDLDQLRSIVEKSELWVYKGQGPDEPMDGASGENEHKKTEEGTSKPLKHESTSSYNYRVVKEILIRLSKLCVQESASVRKSRKQQQRLLRNMGAHAVVLELLQIPYEKAEDTKMQEIMRLAHEFLQNFCAGNQQNQALLHKHINLFLNPGILEAVTMQHIFMNNFQLCSEINERVVQHFVHCIETHGRNVQYIKFLQTIVKAEGKFIKKCQDMVMAELVNSGEDVLVFYNDRASFQTLIQMMRSERDRMDENSPLMYHIHLVELLAVCTEGKNVYTEIKCNSLLPLDDIVRVVTHEDCIPEVKIAYINFLNHCYVDTEVEMKEIYTSNHMWKLFENFLVDICRACNNTSDRKHADSILEKYVTEIVMSIVTTFFSSPFSDQSTTLQTRQPVFVQLLQGVFRVYHCNWLMPSQKASVESCIRVLSDVAKSRAIAIPVDLDSQVNNLFLKSHNIVQKTALNWRLSARNAARRDSVLAASRDYRNIIERLQDIVSALEDRLRPLVQAELSVLVDVLHRPELLFPENTDARRKCESGGFICKLIKHTKQLLEENEEKLCIKVLQTLREMMTKDRGYGEKQISIDESENAELPQAPEAENSTEQELEPSPPLRQLEDHKRGEALRQILVNRYYGNIRPSGRRESLTSFGNGPLSPGGPSKPGGGGGGPGSSSTSRGEMSLAEVQCHLDKEGASNLVIDLIMNASSDRVFHESILLAIALLEGGNTTIQHSFFCRLTEDKKSEKFFKVFYDRMKVAQQEIKATVTVNTSDLGNKKKDDEVDRDAPSRKKAKEPTTQITEEVRDQLLEASAATRKAFTTFRREADPDDHYQSGEGTQATTDKAKDDLEMSAVITIMQPILRFLQLLCENHNRDLQNFLRCQNNKTNYNLVCETLQFLDCICGSTTGGLGLLGLYINEKNVALINQTLESLTEYCQGPCHENQNCIATHESNGIDIITALILNDINPLGKKRMDLVLELKNNASKLLLAIMESRHDSENAERILYNMRPKELVEVIKKAYMQGEVEFEDGENGEDGAASPRNVGHNIYILAHQLARHNKELQTMLKPGGQVDGDEALEFYAKHTAQIEIVRLDRTMEQIVFPVPSICEFLTKESKLRIYYTTERDEQGSKINDFFLRSEDLFNEMNWQKKLRAQPVLYWCARNMSFWSSISFNLAVLMNLLVAFFYPFKGVRGGTLEPHWSGLLWTAMLISLAIVIALPKPHGIRALIASTILRLIFSVGLQPTLFLLGAFNVCNKIIFLMSFVGNCGTFTRGYRAMVLDVEFLYHLLYLLICAMGLFVHEFFYSLLLFDLVYREETLLNVIKSVTRNGRSIILTAVLALILVYLFSIVGYLFFKDDFILEVDRLPNETAVPETGESLANDFLYSDVCRVETGENCTSPAPKEELLPAEETEQDKEHTCETLLMCIVTVLSHGLRSGGGVGDVLRKPSKEEPLFAARVIYDLLFFFMVIIIVLNLIFGVIIDTFADLRSEKQKKEEILKTTCFICGLERDKFDNKTVTFEEHIKEEHNMWHYLCFIVLVKVKDSTEYTGPESYVAEMIRERNLDWFPRMRAMSLVSSDSEGEQNELRNLQEKLESTMKLVTNLSGQLSELKDQMTEQRKQKQRIGLLGHPPHMNVNPQQPA
3898,O43909,Metazoa,0,0,0,0,0,0,0,0,1,0,0,0,MTGYTMLRNGGAGNGGQTCMLRWSNRIRLTWLSFTLFVILVFFPLIAHYYLTTLDEADEAGKRIFGPRVGNELCEVKHVLDLCRIRESVSEELLQLEAKRQELNSEIAKLNLKIEACKKSIENAKQDLLQLKNVISQTEHSYKELMAQNQPKLSLPIRLLPEKDDAGLPPPKATRGCRLHNCFDYSRCPLTSGFPVYVYDSDQFVFGSYLDPLVKQAFQATARANVYVTENADIACLYVILVGEMQEPVVLRPAELEKQLYSLPHWRTDGHNHVIINLSRKSDTQNLLYNVSTGRAMVAQSTFYTVQYRPGFDLVVSPLVHAMSEPNFMEIPPQVPVKRKYLFTFQGEKIESLRSSLQEARSFEEEMEGDPPADYDDRIIATLKAVQDSKLDQVLVEFTCKNQPKPSLPTEWALCGEREDRLELLKLSTFALIITPGDPRLVISSGCATRLFEALEVGAVPVVLGEQVQLPYQDMLQWNEAALVVPKPRVTEVHFLLRSLSDSDLLAMRRQGRFLWETYFSTADSIFNTVLAMIRTRIQIPAAPIREEAAAEIPHRSGKAAGTDPNMADNGDLDLGPVETEPPYASPRYLRNFTLTVTDFYRSWNCAPGPFHLFPHTPFDPVLPSEAKFLGSGTGFRPIGGGAGGSGKEFQAALGGNVPREQFTVVMLTYEREEVLMNSLERLNGLPYLNKVVVVWNSPKLPSEDLLWPDIGVPIMVVRTEKNSLNNRFLPWNEIETEAILSIDDDAHLRHDEIMFGFRVWREARDRIVGFPGRYHAWDIPHQSWLYNSNYSCELSMVLTGAAFFHKYYAYLYSYVMPQAIRDMVDEYINCEDIAMNFLVSHITRKPPIKVTSRWTFRCPGCPQALSHDDSHFHERHKCINFFVKVYGYMPLLYTQFRVDSVLFKTRLPHDKTKCFKFI
3915,O22263,Viridiplantae,0,0,0,0,0,0,0,0,1,0,0,0,MAKSQIWFGFALLALLLVSAVADDVVVLTDDSFEKEVGKDKGALVEFYAPWCGHCKKLAPEYEKLGASFKKAKSVLIAKVDCDEQKSVCTKYGVSGYPTIQWFPKGSLEPQKYEGPRNAEALAEYVNKEGGTNVKLAAVPQNVVVLTPDNFDEIVLDQNKDVLVEFYAPWCGHCKSLAPTYEKVATVFKQEEGVVIANLDADAHKALGEKYGVSGFPTLKFFPKDNKAGHDYDGGRDLDDFVSFINEKSGTSRDSKGQLTSKAGIVESLDALVKELVAASEDEKKAVLSRIEEEASTLKGSTTRYGKLYLKLAKSYIEKGSDYASKETERLGRVLGKSISPVKADELTLKRNILTTFVASS
3931,Q8L586,Viridiplantae,0,0,0,0,0,0,0,0,1,0,0,0,MAAPRNLTGDGGARQLVKDEESPAASSAAKGLLNDDSPTGKRTKSERFPLSRWEFAVFFTVFLVFTTGLFCIYLTMPAAEYGKLKVPRTISDLRLLKENLGSYASEYQARFILGYCSTYIFMQTFMIPGTIFMSLLAGALFGVVRGFVLVVLNATAGACSCFFLSKLVGRPLVNWLWPEKLRFFQAEIAKRRDRLLNYMLFLRITPTLPNLFINLSSPIVDIPFHVFFLATLVGLMPASYITVRAGLALGDLRSVKDLYDFKTLSVLFLIGSISIFPALLKRKRVYE
3950,Q8VZV7,Viridiplantae,0,0,0,0,0,0,0,0,0,0,1,0,MKHFRTERVRATPKLFTYVLVGFIALLGLTCLYYGSSFAPGSRKSDEFDGSNNRVRTGIGSLRNRDIVLAVSRFEVPKSVPICDSRHSELIPCLDRNLHYQLKLKLNLSLMEHYEHHCPPSERRFNCLVPPPVGYKIPLRWPVSRDEVWKANIPHTHLAQEKSDQNWMVVNGDKINFPGGGTHFHNGADKYIVSLAQMLKFPGDKLNNGGSIRNVLDVGCGVASFGAYLLSHDIIAMSLAPNDVHQNQIQFALERGIPSTLGVLGTKRLPYPSRSFELAHCSRCRIDWLQRDGILLLELDRLLRPGGYFVYSSPEAYAHDPENRKIGNAMHDLFKRMCWKVVAKRDQSVIWGKPISNSCYLKRDPGVLPPLCPSGDDPDATWNVSMKACISPYSVRMHKERWSGLVPWPRRLTAPPPRLEEIGVTPEQFREDTETWRLRVIEYWKLLKPMVQKNSIRNVMDMSSNLGGFAAALNDKDVWVMNVMPVQSSPRMKIIYDRGLIGATHDWCEAFDTYPRTFDLIHAWNTFTETQARGCSFEDLLIEMDRILRPEGFVIIRDTTDNISYIKKYLTLLKWDKWSTETTPKGDPLSTKDEIVLIARKKLWSLPAISVS
3968,Q9LN50,Viridiplantae,0,0,0,0,0,0,0,0,0,0,1,0,MMERKREMGIAYFARRIKQPRGIWVKMTFIVVLGLCFVFFWSFLSSSASTFNVQRESFDDIAEPVSSRTKSAHEVSESSKLHERGKVESGSKSKEGKKVGGSSVHKHETKKKKEHAVSHPHKKKDVPKPVVEEVVVKEDQEHEEAESDDSDQSNKEDGEEGTESDGNEGESDGNGDGSVDDSSASVDEEVEEKNEEVTVNEISKKRKRKGPVFDPKAEYSWRLCNTRSKHNYMPCIDNDGLIGRLQSYRHRERSCPKKPVMCLVPLPHDGYDPPVSWPESKSKILYKNVAHPKLAAYIKKHNWVNETGEYLSFPQNQTTFNGNVLQYLEFIQEMVPDIEWGKNVRIVLDIGCSDSSFVAALLDKDVLTVSLGLKDDLVDLAQVALERGFPTFVSSLASRRLPFPSGVFDTIHCAACGVHWHSHGGKLLLEMNRILRPNGYFILSSNNDKIEDDEAMTALTASICWNILAHKTEEASEMGVRIYQKPESNDIYELRRKKNPPLCEDNENPDAAWYVPMKTCIYEIPSAIEQHGAEWPEEWPKRLETYPEWLTSKEKAMEDTNHWNAMVNKSYLTGLGIDWLHIRNVMDMTAIYGGFGASLVKQNVWVMNVVPVHSPDTLPFIYERGLLGIYHDWCEPFGTYPRSYDLLHADHLFSRLKNRCKQPASIVVEMDRLTRPGGWVVVRDKVEILEPLEEILRSLHWEIRMTYAQDKEGMLCAQKTLWRP
3987,Q0WT31,Viridiplantae,0,0,0,0,0,0,0,0,0,0,1,0,MAMGKYSRVDGKKSSSYGLTITIVLLLSLCLVGTWMFMSSWSAPADSAGYSSTDTAKDVSKNDLRKEEGDRDPKNFSDEKNEENEAATENNQVKTDSENSAEGNQVNESSGEKTEAGEERKESDDNNGDGDGEKEKNVKEVGSESDETTQKEKTQLEESTEENKSEDGNGNEEKAEENASETEESTEKSSKEVFPAGDQAEITKESSTGDGAWSTQLVESQNEKKAQQSSISKDQSSYGWKTCNVTAGPDYIPCLDNWQAIKKLHTTMHYEHRERHCPEESPHCLVSLPDGYKRSIKWPKSREKIWYNNVPHTKLAEIKGHQNWVKMSGEHLTFPGGGTQFKNGALHYIDFIQQSHPAIAWGNRTRVILDVGCGVASFGGYLFERDVLALSFAPKDEHEAQVQFALERGIPAMLNVMGTKRLPFPGSVFDLIHCARCRVPWHIEGGKLLLELNRALRPGGFFVWSATPVYRKNEEDSGIWKAMSELTKAMCWKLVTIKKDKLNEVGAAIYQKPTSNKCYNKRPQNEPPLCKDSDDQNAAWNVPLEACMHKVTEDSSKRGAVWPNMWPERVETAPEWLDSQEGVYGKPAPEDFTADQEKWKTIVSKAYLNDMGIDWSNVRNVMDMRAVYGGFAAALKDLKLWVMNVVPVDAPDTLPIIYERGLFGIYHDWCESFNTYPRTYDLLHADHLFSTLRKRCNLVSVMAEIDRILRPQGTFIIRDDMETLGEVEKMVKSMKWKVKMTQSKDNEGLLSIEKSWWRPEETETIKSAIA
